"id";"object_id";"object_repr";"action_flag";"change_message";"content_type_id";"user_id";"action_time"
1;"1";"test";"1";"[{""added"": {}}, {""added"": {""name"": ""sous categorie"", ""object"": ""blu de test""}}, {""added"": {""name"": ""sous categorie"", ""object"": ""bles de test""}}]";11;1;04/07/2018 16:04
2;"1";"test";"2";"[]";11;1;04/07/2018 16:04
3;"4";"Cidre";"2";"[]";11;1;04/07/2018 16:09
4;"1";"num_tel : test";"1";"[{""added"": {}}]";9;1;04/07/2018 16:09
5;"644";"alcool";"3";"";17;1;04/07/2018 16:28
6;"643";"alcool";"3";"";17;1;04/07/2018 16:28
7;"642";"alcool";"3";"";17;1;04/07/2018 16:28
8;"641";"alcool";"3";"";17;1;04/07/2018 16:28
9;"640";"alcool";"3";"";17;1;04/07/2018 16:28
10;"639";"alcool";"3";"";17;1;04/07/2018 16:28
11;"638";"alcool";"3";"";17;1;04/07/2018 16:28
12;"637";"alcool";"3";"";17;1;04/07/2018 16:28
13;"636";"alcool";"3";"";17;1;04/07/2018 16:28
14;"635";"alcool";"3";"";17;1;04/07/2018 16:28
15;"634";"alcool";"3";"";17;1;04/07/2018 16:28
16;"633";"alcool";"3";"";17;1;04/07/2018 16:28
17;"632";"alcool";"3";"";17;1;04/07/2018 16:28
18;"631";"alcool";"3";"";17;1;04/07/2018 16:28
19;"630";"alcool";"3";"";17;1;04/07/2018 16:28
20;"629";"alcool";"3";"";17;1;04/07/2018 16:28
21;"628";"alcool";"3";"";17;1;04/07/2018 16:28
22;"627";"alcool";"3";"";17;1;04/07/2018 16:28
23;"626";"alcool";"3";"";17;1;04/07/2018 16:28
24;"625";"alcool";"3";"";17;1;04/07/2018 16:28
25;"624";"alcool";"3";"";17;1;04/07/2018 16:28
26;"623";"alcool";"3";"";17;1;04/07/2018 16:28
27;"622";"alcool";"3";"";17;1;04/07/2018 16:28
28;"621";"alcool";"3";"";17;1;04/07/2018 16:28
29;"620";"alcool";"3";"";17;1;04/07/2018 16:28
30;"619";"alcool";"3";"";17;1;04/07/2018 16:28
31;"618";"alcool";"3";"";17;1;04/07/2018 16:28
32;"617";"alcool";"3";"";17;1;04/07/2018 16:28
33;"616";"alcool";"3";"";17;1;04/07/2018 16:28
34;"615";"alcool";"3";"";17;1;04/07/2018 16:28
35;"614";"alcool";"3";"";17;1;04/07/2018 16:28
36;"613";"alcool";"3";"";17;1;04/07/2018 16:28
37;"611";"alcool";"3";"";17;1;04/07/2018 16:28
38;"610";"alcool";"3";"";17;1;04/07/2018 16:28
39;"609";"alcool";"3";"";17;1;04/07/2018 16:28
40;"608";"alcool";"3";"";17;1;04/07/2018 16:28
41;"607";"alcool";"3";"";17;1;04/07/2018 16:28
42;"606";"alcool";"3";"";17;1;04/07/2018 16:28
43;"605";"alcool";"3";"";17;1;04/07/2018 16:28
44;"604";"alcool";"3";"";17;1;04/07/2018 16:28
45;"603";"alcool";"3";"";17;1;04/07/2018 16:29
46;"602";"alcool";"3";"";17;1;04/07/2018 16:29
47;"601";"alcool";"3";"";17;1;04/07/2018 16:29
48;"600";"alcool";"3";"";17;1;04/07/2018 16:29
49;"599";"alcool";"3";"";17;1;04/07/2018 16:29
50;"514";"alcool";"3";"";17;1;04/07/2018 16:29
51;"513";"alcool";"3";"";17;1;04/07/2018 16:29
52;"512";"alcool";"3";"";17;1;04/07/2018 16:29
53;"511";"alcool";"3";"";17;1;04/07/2018 16:29
54;"510";"alcool";"3";"";17;1;04/07/2018 16:29
55;"509";"alcool";"3";"";17;1;04/07/2018 16:29
56;"508";"alcool";"3";"";17;1;04/07/2018 16:29
57;"507";"alcool";"3";"";17;1;04/07/2018 16:29
58;"506";"alcool";"3";"";17;1;04/07/2018 16:29
59;"505";"alcool";"3";"";17;1;04/07/2018 16:29
60;"504";"alcool";"3";"";17;1;04/07/2018 16:29
61;"503";"alcool";"3";"";17;1;04/07/2018 16:29
62;"502";"alcool";"3";"";17;1;04/07/2018 16:29
63;"501";"alcool";"3";"";17;1;04/07/2018 16:29
64;"500";"alcool";"3";"";17;1;04/07/2018 16:29
65;"499";"alcool";"3";"";17;1;04/07/2018 16:29
66;"498";"alcool";"3";"";17;1;04/07/2018 16:29
67;"497";"alcool";"3";"";17;1;04/07/2018 16:29
68;"496";"alcool";"3";"";17;1;04/07/2018 16:29
69;"495";"alcool";"3";"";17;1;04/07/2018 16:29
70;"494";"alcool";"3";"";17;1;04/07/2018 16:29
71;"493";"alcool";"3";"";17;1;04/07/2018 16:29
72;"492";"alcool";"3";"";17;1;04/07/2018 16:29
73;"491";"alcool";"3";"";17;1;04/07/2018 16:29
74;"490";"alcool";"3";"";17;1;04/07/2018 16:29
75;"489";"alcool";"3";"";17;1;04/07/2018 16:29
76;"488";"alcool";"3";"";17;1;04/07/2018 16:29
77;"487";"alcool";"3";"";17;1;04/07/2018 16:29
78;"486";"alcool";"3";"";17;1;04/07/2018 16:29
79;"485";"alcool";"3";"";17;1;04/07/2018 16:29
80;"484";"alcool";"3";"";17;1;04/07/2018 16:29
81;"483";"alcool";"3";"";17;1;04/07/2018 16:29
82;"482";"alcool";"3";"";17;1;04/07/2018 16:29
83;"481";"alcool";"3";"";17;1;04/07/2018 16:29
84;"480";"alcool";"3";"";17;1;04/07/2018 16:29
85;"479";"alcool";"3";"";17;1;04/07/2018 16:29
86;"478";"alcool";"3";"";17;1;04/07/2018 16:29
87;"477";"alcool";"3";"";17;1;04/07/2018 16:29
88;"476";"alcool";"3";"";17;1;04/07/2018 16:29
89;"475";"alcool";"3";"";17;1;04/07/2018 16:29
90;"474";"alcool";"3";"";17;1;04/07/2018 16:29
91;"473";"alcool";"3";"";17;1;04/07/2018 16:29
92;"472";"alcool";"3";"";17;1;04/07/2018 16:29
93;"471";"alcool";"3";"";17;1;04/07/2018 16:29
94;"470";"alcool";"3";"";17;1;04/07/2018 16:29
95;"469";"alcool";"3";"";17;1;04/07/2018 16:29
96;"468";"alcool";"3";"";17;1;04/07/2018 16:29
97;"467";"alcool";"3";"";17;1;04/07/2018 16:29
98;"466";"alcool";"3";"";17;1;04/07/2018 16:29
99;"465";"alcool";"3";"";17;1;04/07/2018 16:29
100;"464";"alcool";"3";"";17;1;04/07/2018 16:29
101;"463";"alcool";"3";"";17;1;04/07/2018 16:29
102;"462";"alcool";"3";"";17;1;04/07/2018 16:29
103;"461";"alcool";"3";"";17;1;04/07/2018 16:29
104;"460";"alcool";"3";"";17;1;04/07/2018 16:29
105;"17";"ERROR";"1";"[{""added"": {}}, {""added"": {""name"": ""sous categorie"", ""object"": ""ERROR_SOUS de ERROR""}}]";11;1;04/07/2018 16:54
106;"300";"Rhum Naga";"2";"[{""changed"": {""fields"": [""categorie"", ""sous_categorie""]}}]";15;1;05/07/2018 14:45
107;"285";"Terrine De pintade aux girolles";"2";"[{""changed"": {""fields"": [""categorie"", ""sous_categorie""]}}]";15;1;05/07/2018 14:45
108;"1";"entre 0.0 et 0.99 : 7.5 €";"1";"[{""added"": {}}]";18;1;05/07/2018 14:49
109;"2";"entre 1.0 et 1.99 : 8.5 €";"1";"[{""added"": {}}]";18;1;05/07/2018 14:49
110;"3";"entre 2.0 et 4.99 : 12.9 €";"1";"[{""added"": {}}]";18;1;05/07/2018 14:49
111;"4";"entre 5.0 et 9.99 : 18.9 €";"1";"[{""added"": {}}]";18;1;05/07/2018 14:50
112;"5";"entre 10.0 et 300.0 : 26.9 €";"1";"[{""added"": {}}]";18;1;05/07/2018 14:50
113;"3";"Commande n°3 de ";"3";"";12;1;05/07/2018 14:57
114;"333";"Roussanne Blanc";"2";"[{""changed"": {""fields"": [""sous_categorie""]}}]";15;1;05/07/2018 14:59
115;"134";"Saint-Véran";"2";"[{""changed"": {""fields"": [""sous_categorie""]}}]";15;1;05/07/2018 14:59
116;"3";"Vin";"2";"[{""added"": {""name"": ""sous categorie"", ""object"": ""Sud-ouest""}}]";11;1;05/07/2018 15:01
117;"102";"Domaine Les barthes 2015";"2";"[{""changed"": {""fields"": [""sous_categorie""]}}]";15;1;05/07/2018 15:01
118;"4";"Cidre";"2";"[{""added"": {""name"": ""sous categorie"", ""object"": ""artisanal""}}]";11;1;05/07/2018 15:02
119;"13";"Cidre coat-Albret brut";"2";"[{""changed"": {""fields"": [""sous_categorie""]}}]";15;1;05/07/2018 15:02
120;"49";"Pack Bière philomenn";"2";"[{""changed"": {""fields"": [""nom"", ""sous_categorie""]}}]";15;1;05/07/2018 15:03
121;"33";"Bière Sainte colombe dorée";"3";"";15;1;05/07/2018 15:03
122;"1";"num_tel : test";"2";"[]";9;1;05/07/2018 15:12
123;"1";"default";"1";"[{""added"": {}}]";22;1;05/07/2018 17:26
124;"25";"Dégustation de bières artisanales brasserie du ton à Laillé";"3";"";20;1;05/07/2018 17:40
125;"24";"Dégustation de rhums-Et whiskys chateau d\'apigné à le Rheu";"3";"";20;1;05/07/2018 17:40
126;"23";"Salon de la bières rennes 2018 à Rennes";"3";"";20;1;05/07/2018 17:40
127;"22";"Salon de la bières artisanale saint-Malo à Saint-Malo";"3";"";20;1;05/07/2018 17:40
128;"21";"Salon vignocaves rennes 2018 à Rennes";"3";"";20;1;05/07/2018 17:40
129;"20";"Le salon des vins de loire 2018 à Angers";"3";"";20;1;05/07/2018 17:40
130;"19";"Salon des vignerons indépendants rennes à Rennes";"3";"";20;1;05/07/2018 17:40
131;"18";"Salon des vignerons indépendants rennes à Rennes";"3";"";20;1;05/07/2018 17:40
132;"17";"Salon des vignerons indépendants rennes à Rennes";"3";"";20;1;05/07/2018 17:40
133;"16";"Salon des vignerons indépendants rennes à Rennes";"3";"";20;1;05/07/2018 17:40
134;"15";"Salon des vignerons indépendants rennes à Rennes";"3";"";20;1;05/07/2018 17:40
135;"14";"Salon des vignerons indépendants rennes à Rennes";"3";"";20;1;05/07/2018 17:40
136;"13";"Salon des vignerons indépendants rennes à Rennes";"3";"";20;1;05/07/2018 17:40
137;"12";"Soirée domaine rety à Laillé";"3";"";20;1;05/07/2018 17:40
138;"10";"Soirée champagnes jean despret à Laillé";"3";"";20;1;05/07/2018 17:40
139;"9";"Rencontre avec monsieur rety  à Melesse";"3";"";20;1;05/07/2018 17:40
140;"8";"Salon vignes et vilaine à Laillé";"3";"";20;1;05/07/2018 17:40
141;"7";"Salon de paris à Paris";"3";"";20;1;05/07/2018 17:40
142;"6";"Visite pichon longueville bordeaux à Bordeaux";"3";"";20;1;05/07/2018 17:40
143;"5";"Soirée avec pascal pochon chocolatier st malo à Laillé";"3";"";20;1;05/07/2018 17:40
144;"4";"Soirée avec guillaume joubin ancien sommelier de l à Laillé";"3";"";20;1;05/07/2018 17:40
145;"3";"Du vin et des gourmandises à Laille";"3";"";20;1;05/07/2018 17:40
146;"2";"Visite chateauneuf du pape à CHATEAUNEUF DU PAPE";"3";"";20;1;05/07/2018 17:40
147;"1";"Soirée dégustation rhum avec chants marins à Laillé";"3";"";20;1;05/07/2018 17:40
148;"19";"Salon des vignerons indépendants rennes à Rennes";"3";"";20;1;05/07/2018 17:44
149;"18";"Salon des vignerons indépendants rennes à Rennes";"3";"";20;1;05/07/2018 17:44
150;"16";"Salon des vignerons indépendants rennes à Rennes";"3";"";20;1;05/07/2018 17:44
151;"15";"Salon des vignerons indépendants rennes à Rennes";"3";"";20;1;05/07/2018 17:44
152;"14";"Salon des vignerons indépendants rennes à Rennes";"3";"";20;1;05/07/2018 17:44
153;"13";"Salon des vignerons indépendants rennes à Rennes";"3";"";20;1;05/07/2018 17:44
154;"25";"Dégustation de bières artisanales brasserie du ton à Laillé";"2";"[{""added"": {""name"": ""event image"", ""object"": ""uploads/event/Soiree-avec-Pascal-Pochon-Chocolatier-STMalo0_rWaKECZ.JPG de D\u00e9gustation de bi\u00e8res artisanales brasserie du ton""}}]";20;1;05/07/2018 18:42
155;"1";"épicerie fine";"2";"[{""changed"": {""fields"": [""nom""]}}]";17;1;06/07/2018 12:20
156;"0";"alcool";"2";"[{""changed"": {""fields"": [""categories""]}}]";17;1;06/07/2018 12:38
157;"1";"épicerie fine";"2";"[{""changed"": {""fields"": [""categories""]}}]";17;1;06/07/2018 12:38
158;"1";"uploads/boutique/IMG_1659.JPG";"1";"[{""added"": {}}]";10;1;06/07/2018 12:59
159;"2";"uploads/boutique/ico-full_-79576.jpg";"1";"[{""added"": {}}]";10;1;06/07/2018 13:01
160;"1";"test";"1";"[{""added"": {}}, {""added"": {""name"": ""card image"", ""object"": ""uploads/panier_image/IMG_0359_5j2h8Yn.JPG de test""}}, {""added"": {""name"": ""card image"", ""object"": ""uploads/panier_image/IMG_0545_hd7fv4u.JPG de test""}}]";7;1;06/07/2018 13:21
161;"2";"test2";"1";"[{""added"": {}}, {""added"": {""name"": ""card image"", ""object"": ""uploads/panier_image/IMG_0926_EElmu00.JPG de test2""}}]";7;1;06/07/2018 13:22
