"id";"nom";"description";"cepage";"notes_degustation";"accords";"temperature";"date_ajout";"prix";"est_promo";"debut_promo";"fin_promo";"stock";"poid";"categorie_id";"marque_id";"sous_categorie_id";"type_id";"photo"
5;"Skumen Rye indiapale ale issu de la culture biologique 75cl";"Issu de la culture biologique";"";"";"";;05/07/2018;5,50;False;;;0;132,00;5;0;3;0;"uploads/produit/Skumen-Rye-india-pale-al0_vH5vjx3.JPG"
6;"Bière Tri martolod 33cl";"Brassée à  concarneau (29).";"";"";"";;05/07/2018;2,40;False;;;8;55,00;5;1;4;0;"uploads/produit/Biere_Tri_Martolod_QDZfrzt.JPG"
7;"Gin Mare";"";"";"";"";;05/07/2018;36,00;False;;;1;125,00;1;;16;0;"uploads/produit/Gin_Mare_XLk4ZQm.JPG"
8;"Tequila Corralejo mexique";"";"";"";"";;05/07/2018;37,00;False;;;2;125,00;1;;15;0;"uploads/produit/Tequila_Corralejo_2okh1sy.JPG"
9;" Armagnac château laubade";"";"";"";"";;05/07/2018;41,00;False;;;1;125,00;1;;14;0;"uploads/produit/Chateau-De-laubade1_GIiyqdP.JPG"
10;" Armagnac château de laubade hors d'âge";"";"";"";"";;05/07/2018;52,00;False;;;0;125,00;1;;14;0;"uploads/produit/Chateau_de_Laubade_ktyobgU.JPG"
11;"Beaujolais Blanc";"Cépage chardonnay
accords::foie gras, poissons et apéritif.";"";"";"";;05/07/2018;12,00;False;;;12;125,00;3;;5;0;"uploads/produit/Beaujolais_Blanc_ZiDLroq.JPG"
12;"Ustersbacher  50cl bière belge";"";"";"";"";;05/07/2018;3,50;False;;;0;56,00;5;;3;0;"uploads/produit/Ustersbacher-Urhell0_LRY2PpH.JPG"
13;"Cidre coat-Albret brut";"";"";"";"";;05/07/2018;3,50;False;;;4;125,00;4;;50;0;"uploads/produit/Cidre-coat-Albret0_vN1rjQ9.JPG"
14;"Roussette De savoie";"Accords:raclette ,fondue de fromages,apéritif,charcuterie";"";"";"";;05/07/2018;13,30;False;;;6;125,00;3;;6;0;"uploads/produit/Monthoux0_2hAcYYr.JPG"
15;"Chignin Bergeron savoie";"Aromes puissants d'abricots et de pain grillé.
un foie gras poêlé accompagnera parfaitement un tel vin.";"";"";"";;05/07/2018;15,90;False;;;6;800,00;3;;6;0;"uploads/produit/Chignin-Bergeron0_JrQhrbd.JPG"
16;"Domaine Les esquirots";"";"";"";"";;05/07/2018;5,90;False;;;0;125,00;3;;7;0;"uploads/produit/none_7tBl9DJ.JPG"
17;"Domaine De perhus";"Cépages:gros manseng.
 arômes de fruits bien murs: ananas -mangue.
accords :foie gras ,apéritif, dessert.";"";"";"";;05/07/2018;6,20;False;;;6;125,00;3;;7;0;"uploads/produit/Domaine-De-perhus0_8wodh7c.JPG"
18;"Les Hauts de montrouge moelleux";"Accords:apéritif,foie gras,dessert chocolat";"";"";"";;05/07/2018;7,20;False;;;6;125,00;3;;7;0;"uploads/produit/Les-Hauts-de-montrouge0_N7kxNR0.JPG"
19;"Skumen Amber ale issu de la culture biologique 33cl";"Produit issu de l'agriculture biologique";"";"";"";;05/07/2018;2,80;False;;;0;56,00;5;0;1;0;"uploads/produit/Skumen-Amber-Ale0_kHEx65t.JPG"
20;"Skumen Amber ale 75cl";"Issu de la culture biologique";"";"";"";;05/07/2018;5,50;False;;;2;132,00;5;0;1;0;"uploads/produit/Skumen-Amber-Ale1_EqHc3Ly.JPG"
23;"Skumen Wheat india pale ale issu de la culture biologique 75cl";"Issu de la culture biologique";"";"";"";;05/07/2018;5,50;False;;;0;132,00;5;0;2;0;"uploads/produit/Skumen-Wheat-India-Pale-Ale0_VTrjb1I.JPG"
24;"Skumen Pale ale blonde issu de la culturebiologique 75cl";"Issu de la culture biologique";"";"";"";;05/07/2018;5,50;False;;;2;132,00;5;0;3;0;"uploads/produit/Skumen-Pale-Ale0_GuWzCnV.JPG"
25;"Perle De roseline rosé";"Accords :charcuterie, apéritif,salade.";"";"";"";;05/07/2018;7,40;False;;;18;125,00;3;;8;0;"uploads/produit/Perle-Cote-de-Provence0_0lX9tm4.JPG"
26;"Moulin-À-vent 2014";"Accords:plat épicé";"";"";"";;05/07/2018;12,30;False;;;24;125,00;3;;5;0;"uploads/produit/Moulin-a-vent0_NO93Thi.JPG"
27;"Fleurie ";"";"";"";"";;05/07/2018;11,80;False;;;24;125,00;3;;5;0;"uploads/produit/Fleurie0_OhaBwUq.JPG"
28;" Muscadet brin d'or domaine de la grange";"";"";"";"";;05/07/2018;5,90;False;;;6;125,00;3;;9;0;"uploads/produit/Brin-dor-domaine-de-la-grange0_MX01FBJ.JPG"
29;" Muscadet vieilles vignes domaine de la grange";"Accords :poisson en sauce.";"";"";"";;05/07/2018;6,75;False;;;8;125,00;3;;9;0;"uploads/produit/Vieilles-Vignes-Domaine-de-la-grange0_JGCkBsm.JPG"
30;"Bière Sainte colombe blonde 33cl";"Brassée à ste colombe (35).";"";"";"";;05/07/2018;2,40;False;;;0;56,00;5;2;3;0;"uploads/produit/Biere-Sainte-Colombe-Blonde0_L5AMIA5.JPG"
31;"Bière Sainte colombe blonde 75cl";"Brassée à ste colombe (35).";"";"";"";;05/07/2018;4,20;False;;;0;132,00;5;;3;0;"uploads/produit/Biere-Sainte-Colombe-Blonde1_Lz6B5QJ.JPG"
32;"Bière Sainte colombe blanche 75cl";"Brassée à ste colombe (35).";"";"";"";;05/07/2018;4,20;False;;;0;132,00;5;;2;0;"uploads/produit/Biere-Sainte-colombe-blanche0_uHll0rv.JPG"
33;"Bière Sainte colombe dorée";"";"";"";"";;05/07/2018;2,40;False;;;0;56,00;5;;50;0;"uploads/produit/none_IfdFWoC.JPG"
34;"Bière Sainte colombe ambrée 75cl";"Brassée à ste colombe (35).";"";"";"";;05/07/2018;4,20;False;;;0;132,00;5;;1;0;"uploads/produit/Biere-Sainte-Colombe-Ambree0_mBM9CoX.JPG"
35;"Cognac ragnaud-Sabourin n°10";"";"";"";"";;05/07/2018;47,00;False;;;0;125,00;1;;10;0;"uploads/produit/Cognac-Ragnaud-Sabourin-N100_RDQP7Iv.JPG"
36;"Cognac ragnaud-Sabourin n°20";"";"";"";"";;05/07/2018;62,00;False;;;0;125,00;1;;10;0;"uploads/produit/Cognac-Ragnaud-Sabourin-N200_KDRJEF3.JPG"
37;"Ter'raz Rouge 2015";"Accords:barbecue,charcuterie,apéritif.
";"";"";"";;05/07/2018;4,95;False;;;24;125,00;3;;43;0;"uploads/produit/TerRaz0_ZBlja1o.JPG"
38;"Ter 'raz blanc";"";"";"";"";;05/07/2018;4,95;False;;;12;125,00;3;;43;0;"uploads/produit/TerRaz1_fwOOzgd.JPG"
39;"Tarani Rose  millésime 2015";"Accord:apéritif.";"";"";"";;05/07/2018;4,95;False;;;12;125,00;3;;44;0;"uploads/produit/Tarani-Millesime-20150_zt1erZn.JPG"
40;"Tarani Rouge millésime 2015";"";"";"";"";;05/07/2018;4,95;False;;;12;125,00;3;;44;0;"uploads/produit/Tarani-Millesime-20151_ZhRrILd.JPG"
41;"Domaine Martin faudot cépage chardonnay";"Accord:poisson ,conté 24 mois";"";"";"";;05/07/2018;10,60;False;;;22;125,00;3;;11;0;"uploads/produit/Domaine-Martin-Faudot-Cepage-Chardonnay0_MrBSv5H.JPG"
42;"Domaine Martin faudot cépage trousseau 2012";"Accord:petit gibiers,caille";"";"";"";;05/07/2018;12,50;False;;;20;125,00;3;;11;0;"uploads/produit/Domaine-Martin-Faudot-Cepage-Trousseau0_O6uLNRq.JPG"
43;"Vin De paille  martin faudot en arbois";"Accod:conté 24 mois ";"";"";"";;05/07/2018;32,00;False;;;2;125,00;3;;11;0;"uploads/produit/Vin-de-paille-de-Martin-Faudot-en-Arbois0_YmoYGRb.JPG"
44;"Bière Philomenn blonde 33cl";"Brassée à tréguier (22).";"";"";"";;05/07/2018;2,50;False;;;8;56,00;5;;3;0;"uploads/produit/Biere-Philomenn-Blonde0_Orevjia.JPG"
45;"Bière Philomenn triple 33cl";"Brassée à tréguier (22).";"";"";"";;05/07/2018;2,50;False;;;2;56,00;5;;1;0;"uploads/produit/Biere-Philomenn-Triple0_Vrv8ey9.JPG"
46;"Bière Philomenn blanche 33cl";"Brassée à tréguier (22).";"";"";"";;05/07/2018;2,50;False;;;0;56,00;5;3;2;0;"uploads/produit/Biere-Philomenn-Blanche0_F80gVzY.JPG"
47;"Bière Philomenn blonde 75cl";"Brassée à tréguier (22).";"";"";"";;05/07/2018;4,50;False;;;6;132,00;5;;3;0;"uploads/produit/Biere-Philomenn-Blonde1_opaZPQS.JPG"
48;"Bière Philomenn rousse 75cl";"Brassée à tréguier (22).";"";"";"";;05/07/2018;4,50;False;;;10;132,00;5;;12;0;"uploads/produit/Biere-Philomenn-Rousse0_WwACr1Z.JPG"
49;"Pack Bière philomenn ";"Pack de 3 bières philomenn avec une bière blonde, une bière brune et une bière triple";"";"";"";;05/07/2018;8,00;False;;;0;168,00;5;;50;0;"uploads/produit/Pack-Biere-Philomenn-0_VaMsafS.JPG"
50;"Duck Triple";"";"";"";"";;05/07/2018;5,50;False;;;0;132,00;5;;3;0;"uploads/produit/Duck-Triple0_jPMoSmV.JPG"
51;"Bière Duck blonde 75cl";"";"";"";"";;05/07/2018;5,50;False;;;0;132,00;5;;3;0;"uploads/produit/Biere-Duck-Blonde0_v4Gvk5r.JPG"
52;"Bière Duck blonde 33cl";"";"";"";"";;05/07/2018;3,10;False;;;0;56,00;5;;3;0;"uploads/produit/Biere-D0_wweVGgf.JPG"
53;"Bière Duck bretagne  rousse75cl";"";"";"";"";;05/07/2018;5,50;False;;;0;132,00;5;;12;0;"uploads/produit/Biere-Duck-Bretagne0_rRQgsUF.JPG"
54;"Bière Duck bretagne rousse 33cl";"";"";"";"";;05/07/2018;3,10;False;;;0;56,00;5;;12;0;"uploads/produit/Biere-Duck-Bretagne1_LVDuIXJ.JPG"
55;"Bière Trompe souris blonde 75cl";"Brassée à la chapelle basse mer (44).";"";"";"";;05/07/2018;5,50;False;;;0;132,00;5;;3;0;"uploads/produit/Biere-Trompe-Souris-Blonde0_AsRBBlD.JPG"
56;"Bière Trompe souris blonde 33cl";"Brassée à la chapelle basse mer (44).";"";"";"";;05/07/2018;3,10;False;;;0;56,00;5;;3;0;"uploads/produit/Biere-Trompe-Souris-Blonde1_WB8hk2N.JPG"
57;"Rhum Don papa philippines";"Bouche :notes de vanille";"";"";"";;05/07/2018;42,00;False;;;4;196,00;1;;13;0;"uploads/produit/Rhum-Don-Papa0_dumE8mD.JPG"
58;"Rhum Diplomatico vénezuela";"Au départ moelleux ,voire sirupeux,il prend une incontestable vigueur aromatique en se développant en bouche.
la palette aromatique, d'une grande intensité, est particulièrement diversifiée fruits secs et compotés, caramel au beurre ,miel tout en étant très fondue et bien équilibrée.
";"";"";"";;05/07/2018;42,00;False;;;4;196,00;1;;13;0;"uploads/produit/Rhum-Diplomatico0_AZ2GWrl.JPG"
59;"Rhum Angostura 1919 tobago";"Marqué par les notes de vanille,de caramel
au beurre salé et de fruits tropicaux,c'est
un rhum très doux et presque moelleux.";"";"";"";;05/07/2018;45,00;False;;;3;196,00;1;;13;0;"uploads/produit/Rhum-Angostura0_Ti0Cxxv.JPG"
60;"Rhum Matusalem 15 ans cuba";"La bouche onctueuse et suave est marquée
par des notes étonnantes de caramel,vanille,oranges confites et feuille
de cigare fraiches.
";"";"";"";;05/07/2018;42,00;False;;;3;196,00;1;;13;0;"uploads/produit/Rhum-Matusalem0_ETTRybY.JPG"
61;"Rhum Botran 15 ans guatemala";"Bouche: des notes de café,cacao";"";"";"";;05/07/2018;36,00;False;;;3;196,00;1;;13;0;"uploads/produit/Rhum-Botran0_kpqZE60.JPG"
62;"Rhum Agricole hse martinique";"Bouche:amande grillé.
pur jus de canne";"";"";"";;05/07/2018;51,00;False;;;4;196,00;1;;13;0;"uploads/produit/Rhum-Agricole-HSE0_Svvkjqt.JPG"
63;"Rhum Arrangé mangue letchis reunion";"";"";"";"";;05/07/2018;30,00;False;;;1;196,00;1;4;13;0;"uploads/produit/Rhum-Arrange-Mangue-Letchis-Reunion0_I06bqe0.JPG"
64;"Rhum Arrangé menthe citron vert";"";"";"";"";;05/07/2018;28,50;False;;;1;196,00;1;4;13;0;"uploads/produit/Rhum-Arrange-Menthe-Citron-Vert0_Auyc689.JPG"
66;"Rhum Arrangé ananas victoria fruit de la passion";"";"";"";"";;05/07/2018;28,50;False;;;1;196,00;1;4;13;0;"uploads/produit/Rhum-Arrange-ananas-victoria-fruit-de-la-passion0_3dDFmez.JPG"
67;"Rhum Arrangé fruit de la passion reunion";"";"";"";"";;05/07/2018;28,50;False;;;2;196,00;1;4;13;0;"uploads/produit/Rhum-Arrange-Fruit-de-la-passion0_6DCmW8a.JPG"
68;"Rhum Arrangé mangue fruit de la passion reunion";"";"";"";"";;05/07/2018;28,50;False;;;3;196,00;1;4;13;0;"uploads/produit/Rhum-Arrange-Mangue-Fruit-de-la-passion0_nElvgGY.JPG"
69;"Rhum Arrangé ananas victoria mangue reunion";"";"";"";"";;05/07/2018;28,50;False;;;1;196,00;1;4;13;0;"uploads/produit/Rhum-Arrange-Ananas-Victoria-Mangue0_czXepwY.JPG"
70;"Rhum Arrangé ananas victoria reunion";"";"";"";"";;05/07/2018;28,50;False;;;1;196,00;1;4;13;0;"uploads/produit/Rhum-Arrange-Ananas-Victoria0_LAyPce0.JPG"
71;"Rhum Arrangé punch de noël";"";"";"";"";;05/07/2018;28,50;False;;;0;196,00;1;4;13;0;"uploads/produit/Rhum-Arrange-Punch-de-Noel0_DdbxTMv.JPG"
72;"Rhum Arrangé piment espelette reunion";"";"";"";"";;05/07/2018;28,50;False;;;2;196,00;1;4;13;0;"uploads/produit/Rhum-Arrange-Piment-Espelette0_SoltpMI.JPG"
73;"Rhum Arrangé vanille réunion";"";"";"";"";;05/07/2018;28,50;False;;;3;196,00;1;4;13;0;"uploads/produit/Rhum-Arrange-Vanille-Reunion0_Jiyj8bp.JPG"
74;"Rhum Arrangé fraise framboise reunion";"";"";"";"";;05/07/2018;28,50;False;;;2;196,00;1;4;13;0;"uploads/produit/Rhum-Arrange-Fraise-Framboise0_N1fqm8w.JPG"
75;"Rhum Arrangé noix de coco reunion";"";"";"";"";;05/07/2018;28,50;False;;;2;196,00;1;4;13;0;"uploads/produit/Rhum-Arrange-Noix-de-coco0_nU8Qty0.JPG"
76;"Rhum Arrangé orange café reunion";"";"";"";"";;05/07/2018;28,50;False;;;1;196,00;1;4;13;0;"uploads/produit/Rhum-Arrange-Orange-Cafe0_9joayCh.JPG"
77;"Rhum Arrangé gingembre citron reunion";"";"";"";"";;05/07/2018;28,50;False;;;1;196,00;1;4;13;0;"uploads/produit/Rhum-Arrange-Gingembre-Citron0_pA2mcAh.JPG"
78;"Rhum Arrangé vanille café bourbon pointu bio";"Rhum arrangé réunion";"";"";"";;05/07/2018;28,50;False;;;3;196,00;1;;13;0;"uploads/produit/Rhum-Arrange-Vanille-Cafe-Bourbon-Pointu-bio0_i7Pn5WF.JPG"
79;"Whisky The irishman irlandais";"Bouche: note fruité.";"";"";"";;05/07/2018;38,00;False;;;1;196,00;1;;18;0;"uploads/produit/Whisky-The-Irishman0_Cw0OITo.JPG"
80;"Whisky Black bottle ecossais";"Bouche:moelleuse et fruitée avec des saveurs subtilement équilibrées de fumée
suivies de bois tendre et de miel de bruyère.";"";"";"";;05/07/2018;31,00;False;;;3;144,00;1;;18;0;"uploads/produit/Whisky-Black-Bottle0_Z0mWs8F.JPG"
81;"Whisky Tokinoka japonais";"Bouche:note miel de bruyère";"";"";"";;05/07/2018;31,00;False;;;6;144,00;1;;18;0;"uploads/produit/Whisky-Tokinoka0_RnqK8Y4.JPG"
82;"Whisky Deanston ecossais";"Bouche:fruits cuits,épicé";"";"";"";;05/07/2018;40,00;False;;;0;144,00;1;;18;0;"uploads/produit/Whisky-Deanston0_KD6Ex5j.JPG"
83;"Whisky The six isles écossais";"Assemblage de 6 whiskys.légèrement tourbée.";"";"";"";;05/07/2018;45,00;False;;;2;144,00;1;;18;0;"uploads/produit/Whisky-The-Six-Isles0_K2ms1N0.JPG"
84;"Whisky Mac na mara écossais";"Bouche :note de caramel";"";"";"";;05/07/2018;25,00;False;;;4;144,00;1;;18;0;"uploads/produit/Whisky-Mac-Namara0_qeVapLW.JPG"
85;"Whisky Glengoyne 12 ans écossais";"Bouche:pomme verte,caramel";"";"";"";;05/07/2018;59,00;False;;;6;144,00;1;;18;0;"uploads/produit/Whisky-Glengoyne0_ysXWhhV.JPG"
86;"Whisky Tobermory 10 ans écossais";"Bouche:fruitées,des notes de poire,pomme,
pointes épicées et des notes mentholées.";"";"";"";;05/07/2018;54,00;False;;;2;144,00;1;;18;0;"uploads/produit/Whisky-Tobermory0_EDdHqtJ.JPG"
87;"Whisky Bunnahabhain 12 ans écossais";"Bunnahabhain franchit le pas de la non filtration à froid et de fort degré d'alcool .";"";"";"";;05/07/2018;58,00;False;;;3;144,00;1;;18;0;"uploads/produit/Whisky-Bunnahabhain0_QDTTmp8.JPG"
88;"Whisky Port charlotte";"";"";"";"";;05/07/2018;55,00;False;;;0;144,00;1;;18;0;"uploads/produit/none_8HTNPMO.JPG"
89;"Whisky  boubon woodford reserve americain";"C'est un festival de saveurs:fruits noirs,caramel,chocolat";"";"";"";;05/07/2018;52,00;False;;;4;144,00;1;;18;0;"uploads/produit/Whisky-Woodford-Reserve0_GTCgwcv.JPG"
90;"Whisky Ledaig 18 ans ecossais";"Bouche:aromes fruités et boisés avec des notes de fumée de poivre noir,et de piment de cayenne";"";"";"";;05/07/2018;148,00;False;;;0;196,00;1;;18;0;"uploads/produit/Whisky-Ledaig0_PuZH7PF.JPG"
92;"Domaine Brazilier vin mousseux brut";"";"";"";"";;05/07/2018;7,10;False;;;10;150,00;2;;19;0;"uploads/produit/none_S5K3rCv.JPG"
93;"Domaine Brazilier vin mousseux rosé";"";"";"";"";;05/07/2018;7,10;False;;;20;150,00;2;;19;0;"uploads/produit/none_c1NkaPW.JPG"
101;" Haut médoc château lalande 2014";"";"";"";"";;05/07/2018;12,50;False;;;18;125,00;3;;20;0;"uploads/produit/Chateau-Lalande0_VsaRVpq.JPG"
102;"Domaine Les barthes 2015";"Cepage mabec
accord:charcuterie ,barbecue";"";"";"";;05/07/2018;7,00;False;;;0;125,00;3;;50;0;"uploads/produit/Domaine-Les-Barthes0_E1hZ7dX.JPG"
103;" Merlot louis eschenauer 2015";"Louis eschenauer: un savoir faire fort depuis 1821.
le merlot est rond puissant des tanins souples.
accords: volailles et charcuteries.";"";"";"";;05/07/2018;7,60;False;;;0;125,00;3;;21;0;"uploads/produit/Louis-Eschenauer0_O8aqJJe.JPG"
104;" Gewurztraminer dopff & irion les sorcières";"Peut se déguster à l'apéritif. 
beaux accords avec le foie gras et le munster.";"";"";"";;05/07/2018;18,80;False;;;6;125,00;3;;22;0;"uploads/produit/Domaines-du-Chateau-de-Riquewihr-Les-sorcieres0_mwtMeeu.JPG"
105;"Gewurztramier Dopff irion";"Accords: munster,apéritif,foie gras.";"";"";"";;05/07/2018;13,90;False;;;4;125,00;3;;22;0;"uploads/produit/Dopff--Irion-Cuvee-Rene-Dopff-Gewurztraminer0_RcTcmoi.JPG"
106;"Pinot Gris dopff irion";"Accord:apéritif,foie gras";"";"";"";;05/07/2018;13,80;False;;;6;125,00;3;;22;0;"uploads/produit/Dopff--irion-cuvee-rene-dopff-pinot-gris0_lmWkJZN.JPG"
107;"Riesling Dopff irion";"Accord :fruits de mer";"";"";"";;05/07/2018;11,50;False;;;6;125,00;3;;22;0;"uploads/produit/Dopff--irion-cuvee-rene-dopff-Riesling0_bmCStjY.JPG"
108;" Crémant d'alscace dopff & irion blanc de blancs brut";"";"";"";"";;05/07/2018;11,60;False;;;6;125,00;2;;19;0;"uploads/produit/Dopff--Irion-Blanc-de-Blancs-Brut0_rHRDibX.JPG"
110;"Champagne Jean despret ";"";"";"";"";;05/07/2018;19,90;False;;;6;150,00;2;;23;0;"uploads/produit/Champagne-Jean-Despret-0_qglYX1b.JPG"
111;"Champagne larnaudie-Hirault 1er cru";"";"";"";"";;05/07/2018;22,50;False;;;4;150,00;2;;23;0;"uploads/produit/Champagne-Larnaudie-Hirault0_xf6iUJ5.JPG"
112;"Champagne larnaudie-Hirault rosé guide hachette 2018";"Joli succès pour le champagne larnaudie
rosé premier cru:1 étoile dans le guide hachette des vins 2018,et une médaille d'or décernée par elle a table.";"";"";"";;05/07/2018;25,00;False;;;3;150,00;2;;23;0;"uploads/produit/Champagne-Larnaudie-Hirault-Rose-Guide-Hachette-20180_uXkzBnI.JPG"
113;"Champagne Mailly grand cru 37.5 cl";"";"";"";"";;05/07/2018;16,20;False;;;24;150,00;2;;23;0;"uploads/produit/Champagne-Mailly0_4ES0EGU.JPG"
114;"Champagne Mailly grand cru";"";"";"";"";;05/07/2018;29,90;False;;;0;150,00;2;;23;0;"uploads/produit/Champagne-Mailly1_faDyrPy.JPG"
115;"Champagne Mailly magnum";"";"";"";"";;05/07/2018;61,80;False;;;3;320,00;2;;23;0;"uploads/produit/Champagne-Mailly2_19svO4G.JPG"
116;"Champagne Ar lenoble dozage zéro";"";"";"";"";;05/07/2018;29,50;False;;;6;150,00;2;;23;0;"uploads/produit/Champagne-Arlenoble0_MzJGiWG.JPG"
117;"Champagne Ar lenoble intense";"";"";"";"";;05/07/2018;28,50;False;;;3;150,00;2;;23;0;"uploads/produit/Champagne-Arlenoble1_bXFn8O1.JPG"
118;"Champagne Ar lenoble grand cru blanc de blancs";"";"";"";"";;05/07/2018;33,50;False;;;4;150,00;2;;23;0;"uploads/produit/Champagne-Arlenoble2_Skqmn3E.JPG"
119;"Champagne Lenoble les aventures";"";"";"";"";;05/07/2018;80,00;False;;;2;150,00;2;;23;0;"uploads/produit/Champagne-Lenoble-Les-aventures0_AARK0jE.JPG"
120;"Champagne Lenoble rosé";"";"";"";"";;05/07/2018;42,00;False;;;6;150,00;2;;23;0;"uploads/produit/Champagne-Lenoble-Rose0_WiL6Rcd.JPG"
121;"Champagne Paul bara millésime 2010";"";"";"";"";;05/07/2018;35,00;False;;;6;150,00;2;;23;0;"uploads/produit/Champagne-Paul-Bara-0_WePuLBS.JPG"
122;"Crémant De bourgogne bailly lapierre";"";"";"";"";;05/07/2018;9,90;False;;;36;150,00;2;;19;0;"uploads/produit/Champagne-Bailly-Lapierre0_vzqa5Hc.JPG"
123;"Crémant D'alscace dopff & irion";"";"";"";"";;05/07/2018;10,90;False;;;1;150,00;2;;19;0;"uploads/produit/none_7JQU5C4.JPG"
124;"Champagne Château de passavent";"";"";"";"";;05/07/2018;14,70;False;;;0;150,00;2;;23;0;"uploads/produit/none_BS8aEDo.JPG"
125;"Saumur Brut domaine des sanzay";"";"";"";"";;05/07/2018;9,70;False;;;3;150,00;2;;19;0;"uploads/produit/Champagne-Domaine-des-Sanzay0_5go0yPr.JPG"
126;"Saumur Roze domaine des sanzay";"";"";"";"";;05/07/2018;10,60;False;;;3;150,00;2;;19;0;"uploads/produit/Champagne-Domaine-des-Sanzay-Rose0_0tx9ug4.JPG"
127;" Prosecco, issu de la culture biologique";"Effervescent italien.
issu de la culture biologigue";"";"";"";;05/07/2018;11,50;False;;;10;150,00;2;;19;0;"uploads/produit/Champagne-prosecco0_fogRIf2.JPG"
128;"Champagne Ruinart brut";"";"";"";"";;05/07/2018;44,00;False;;;3;150,00;2;;23;0;"uploads/produit/Champagne-Ruinart0_HGT7Isj.JPG"
129;"Champagne Ruinart blanc de blanc";"";"";"";"";;05/07/2018;63,00;False;;;2;150,00;2;;23;0;"uploads/produit/Champagne-Ruinart1_Ze2QBnD.JPG"
131;"Nuits-Saint-georges les brûlées 2013";"Accord: gigot agneau";"";"";"";;05/07/2018;32,70;False;;;12;125,00;3;;24;0;"uploads/produit/Nuits-Saint-Georges-Les-brulees0_AyKcYTt.JPG"
132;"Chablis Cuvée émeraude";"Accords: poissons, crustacés.";"";"";"";;05/07/2018;16,90;False;;;1;125,00;3;;24;0;"uploads/produit/Chablis-cuvee-emeraude0_CtNV7K6.JPG"
133;"Chablis Premier cru";"Accords: poissons en sauce ";"";"";"";;05/07/2018;20,00;False;;;6;125,00;3;;24;0;"uploads/produit/Chablis-Premier-Cru0_D29BwNn.JPG"
134;"Saint-Véran";"Accords:poisson grillé,apéritif ,viande blanche";"";"";"";;05/07/2018;13,00;False;;;3;125,00;3;;50;0;"uploads/produit/Saint-Veran0_ZpNPMW8.JPG"
135;"Pouilly-Fuissé la collonge";"Accords: st jacques ,langoustines,poisson en sauce";"";"";"";;05/07/2018;17,00;False;;;12;125,00;3;;24;0;"uploads/produit/Pouilly-Fuisse-La-collonge0_GSeZtdF.JPG"
136;"Côte De nuits villages 2014";"Issu de la culture biologique
accords :carré de veau , gigot d'agneau.";"";"";"";;05/07/2018;23,60;False;;;6;125,00;3;;24;0;"uploads/produit/Cote-de-nuits-villages0_ZBY1E27.JPG"
137;"Marsanay Rouge ";"Issu de la culture biologique";"";"";"";;05/07/2018;26,50;False;;;6;125,00;3;;24;0;"uploads/produit/Marsanay0_34Ejuyq.JPG"
138;"Gevrey-Chambertin 2014";"Issu de la culture biologique
accords:viande rouge ,agneau ,gigot rotie";"";"";"";;05/07/2018;36,40;False;;;4;125,00;3;;24;0;"uploads/produit/Gevrey-Chambertin0_2573qRh.JPG"
139;"Marsanay Blanc 2015";"Issu de la culture biologique
accords: blanquette de veau,poisson,";"";"";"";;05/07/2018;23,40;False;;;2;125,00;3;;24;0;"uploads/produit/Marsanay1_qTCRLBS.JPG"
140;"Nero D'avola 2013";"Vin italien
accord pizza";"";"";"";;05/07/2018;8,60;False;;;1;125,00;3;;25;0;"uploads/produit/Il-Meridiane0_6KGdMAx.JPG"
141;"Barbera D'asti 2012";"Vin italien.
accords:plat en sauce.";"";"";"";;05/07/2018;13,30;False;;;8;125,00;3;;25;0;"uploads/produit/Barbera-Dasti0_g8Q2XKX.JPG"
142;"Opal Ridge 2013";"Vin australien
accord :plat en sauce";"";"";"";;05/07/2018;9,80;False;;;3;125,00;3;;25;0;"uploads/produit/Opal-Ridge0_aqBURRn.JPG"
143;"Terra Afrique du sud 2012";"Accord:agneau";"";"";"";;05/07/2018;9,80;False;;;0;125,00;3;;25;0;"uploads/produit/Terra-0_6KX6FIq.JPG"
144;"Tamari Malbec";"Vin argentin cepage malbec
accord :viande rouge";"";"";"";;05/07/2018;9,50;False;;;6;125,00;3;;25;0;"uploads/produit/bodega-Tamari0_vrOlVhK.JPG"
145;" Rioja coto vintage 2014";"";"";"";"";;05/07/2018;11,80;False;;;6;125,00;3;;25;0;"uploads/produit/Coto-Vintage0_W8gxTsx.JPG"
146;"Footprint Chardonnay";"";"";"";"";;05/07/2018;9,90;False;;;1;125,00;3;;25;0;"uploads/produit/Footprint0_NemCMuN.JPG"
148;"Château Des matards rouge 2014";"";"";"";"";;05/07/2018;8,60;False;;;12;125,00;3;;20;0;"uploads/produit/Chateau-des-Matards0_BMpg1ot.JPG"
149;" Côtes de bourg château maçay 2015";"Merlot 65% cabernet sauvignon 15%
cabernet franc 10% malbec10%";"";"";"";;05/07/2018;9,90;False;;;12;125,00;3;;20;0;"uploads/produit/Chateau-Macay0_xeet1y8.JPG"
150;" fronsac château mayne-Vieil";"";"";"";"";;05/07/2018;13,50;False;;;4;125,00;3;;20;0;"uploads/produit/Chateau-Mayne-Vieil0_ZTcIc9K.JPG"
151;" Graves château haut selve 2014";"Cépages:55% merlot, 45% cabernet sauvignon. 
12 ans de garde";"";"";"";;05/07/2018;14,00;False;;;35;125,00;3;;20;0;"uploads/produit/Chateau-Haut-Selve0_fyXHPa2.JPG"
152;"Lalande De pomerol";"";"";"";"";;05/07/2018;17,50;False;;;0;125,00;3;;20;0;"uploads/produit/none_MLd04CD.JPG"
153;"St Emilion grand cru 2012";"";"";"";"";;05/07/2018;18,00;False;;;6;125,00;3;;20;0;"uploads/produit/none_BEXCyci.JPG"
154;" Medoc château fourcas hosten 2011";"Médoc cru bourgeois.
offre une parfaite symphonie de saveurs
grâce à ses vieilles vignes de merlot et de 
cabernet sauvignon";"";"";"";;05/07/2018;21,00;False;;;7;125,00;3;;20;0;"uploads/produit/Chateau-Fourcas-Hosten0_aOMkgIO.JPG"
155;"Medoc Les c 'edres d'hosten 2011";"Accord:viande en sauce";"";"";"";;05/07/2018;18,00;False;;;1;125,00;3;;20;0;"uploads/produit/Les-cedres-DHostex0_xzhTBUJ.JPG"
156;"Medoc Chapelle de potensac 2014";"Second vin de potensac
accord viande rouge";"";"";"";;05/07/2018;19,50;False;;;3;125,00;3;;20;0;"uploads/produit/Chapelle-de-Potensac-0_6ls70Z8.JPG"
157;" Pomerol château la fleur des rouzes 2012";"Cépages :cabernet franc et merlot.
vin à la fois rond et charmeur.
accompagnera à merveille les plats de viande .";"";"";"";;05/07/2018;25,50;False;;;2;125,00;3;;20;0;"uploads/produit/Chateau-La-Fleur-des-Rouzes0_dcEreY6.JPG"
158;" st julien château lalande-Borie 2011";"Cépages :cabernet franc ,cabernet sauvignon, colombaud,merlot.
un vin dense .";"";"";"";;05/07/2018;27,50;False;;;8;125,00;3;;20;0;"uploads/produit/Chateau-Lalande-Borie-0_VXL37SP.JPG"
159;" St estephe château ségur de cabanac 2008";"Cépages: 40% merlot et 60% cabernet sauvignon.
";"";"";"";;05/07/2018;28,50;False;;;3;125,00;3;;20;0;"uploads/produit/Chateau-Segur-De-Cabanac0_eo4r2rI.JPG"
160;" St estephe château clauzet 2010";"Cépages:55% cabernet sauvignon,
40% merlot, 5% cabernet franc et petit verdot";"";"";"";;05/07/2018;28,50;False;;;24;125,00;3;;20;0;"uploads/produit/Chateau-Clauzet0_FXiXkaG.JPG"
161;" Pauillac château tour pibran 2010";"Mis en bouteille à la propriété château pichon longueville.
second vin château pibran
cépages: 50% merlot et 50% cabernet sauvignon.
style caractéristique des grands pauillac.";"";"";"";;05/07/2018;28,50;False;;;10;125,00;3;;20;0;"uploads/produit/Chateau-Tour-Pibran0_Bq5jcBh.JPG"
162;" Margaux vivens 2009";"";"";"";"";;05/07/2018;33,20;False;;;0;125,00;3;;20;0;"uploads/produit/Vivens0_UUVTAlU.JPG"
163;" Margaux les hauts du tertre 2012";"Second vin du grand cru classé chateau
du tertre
cépages:cbernet sauvignon,merlot,cabernet franc,petit verdot";"";"";"";;05/07/2018;32,50;False;;;4;125,00;3;;20;0;"uploads/produit/Les-hauts-du-Tertre0_BCCElGK.JPG"
164;"Château Bouscaut pessac léognan 2011";"Grand cru classé de graves.";"";"";"";;05/07/2018;39,90;False;;;6;125,00;3;;20;0;"uploads/produit/Chateau-Bouscaut0_VpUd53W.JPG"
165;"Château Des matards blanc";"Blaye blanc
accords:crustacés,fruits de mer et apéritif.";"";"";"";;05/07/2018;8,60;False;;;6;125,00;3;;20;0;"uploads/produit/Chateau-des-Matards1_VMumWmr.JPG"
166;"Sauternes Castelnau";"Accords:salade de fruits,foie gras.";"";"";"";;05/07/2018;24,50;False;;;0;125,00;3;;20;0;"uploads/produit/Castelnau0_a7nHEej.JPG"
167;" st estephe château clauzet - magnum";"55% cabernet sauvignon, 40% merlot,
5% cabernet franc et petit verdot.";"";"";"";;05/07/2018;41,00;False;;;0;250,00;3;;20;0;"uploads/produit/Chateau-Clauzet1_yUwYkcW.JPG"
168;" Graves château haut selve";"";"";"";"";;05/07/2018;33,00;False;;;0;250,00;3;;20;0;"uploads/produit/none_KCNtuAR.JPG"
169;" castillon château saint-Genès 2015";"Servir à 16 degrés .
accords:apéritif,charcuterie.";"";"";"";;05/07/2018;9,90;False;;;0;125,00;3;;20;0;"uploads/produit/Chateau-Saint-Genes0_f4YzrBS.JPG"
170;"St Emilion château franc cantenac 2014";"Accord:viande en sauce.";"";"";"";;05/07/2018;17,70;False;;;18;125,00;3;;20;0;"uploads/produit/none_THE8FY0.JPG"
171;" Fitou l'impusilf";"Cépages syrah carignan grenache, à
carafer 1 à 2 heures avant consommation
accords gibier,chocolat noir,cassoulets";"";"";"";;05/07/2018;8,40;False;;;0;125,00;3;;26;0;"uploads/produit/Limpusilf0_V2pDueq.JPG"
172;" Fitou partage 2014";"Cépages:syrah, carignan, grenache noir.
s""accorde parfaitement avec le:gibier, le cassoulet et le chocolat noir.";"";"";"";;05/07/2018;10,50;False;;;4;125,00;3;;26;0;"uploads/produit/Partage0_GkPh5XT.JPG"
173;" Côteaux du languedoc la tour penedesses 2013";"Issu de la culture biologique";"";"";"";;05/07/2018;8,90;False;;;6;125,00;3;;26;0;"uploads/produit/Domaine-La-tour-Penedesses0_1AQPEjq.JPG"
174;"Domaine La tour penedesses faugères 2014";"Issu de la culture biologique
récolte manuelle";"";"";"";;05/07/2018;10,90;False;;;8;125,00;3;;26;0;"uploads/produit/Domaine-La-tour-Penedesses-Faugeres0_ORUzpRZ.JPG"
175;"Chateau Haut gléon corbières 2012";"Cépages :grenache 60%, syrah 25% , carignan 15%.
accords: pot au feu, gibiers.";"";"";"";;05/07/2018;14,00;False;;;10;125,00;3;;26;0;"uploads/produit/Chateau-Haut-Gleon-Corbieres0_lnOt1oT.JPG"
176;"Corbieres Haut gleon";"";"";"";"";;05/07/2018;9,50;False;;;0;125,00;3;;26;0;"uploads/produit/none_NKlN60D.JPG"
177;"Domaine Des maels minervois";"Issu de la culture biologique";"";"";"";;05/07/2018;8,50;False;;;6;125,00;3;;26;0;"uploads/produit/none_byTTPqZ.JPG"
178;"St Chinian tradition rouge 2014 ";"";"";"";"";;05/07/2018;7,10;False;;;2;125,00;3;;26;0;"uploads/produit/Domaine-La-croix-Sainte-Eulalie0_36V6osD.JPG"
179;"St Chinian armandelis 2013";"Accod : viande rouge";"";"";"";;05/07/2018;11,00;False;;;3;125,00;3;;26;0;"uploads/produit/Domaine-La-cr0_u0c24dC.JPG"
180;"St Chinian tradition blanc  domaine la croix sainte eulalie";"Accords:poisson ,aperitif";"";"";"";;05/07/2018;6,50;False;;;6;125,00;3;;26;0;"uploads/produit/Domaine-La-croix-Sainte-Eulalie1_x51iRnG.JPG"
181;"Domaine la croix sainte eulalie saint-Chinian rose";"Accord :charcuterie,apéritif,barbecue,salade";"";"";"";;05/07/2018;7,10;False;;;6;125,00;3;;26;0;"uploads/produit/Domaine-La-croix-Sainte-Eulalie-Saint-Chinian0_WxbbCQt.JPG"
182;"Languedoc Reserve chateau d'assas 2011";"Accord :viande rouge ,gibiers";"";"";"";;05/07/2018;9,30;False;;;3;125,00;3;;26;0;"uploads/produit/Gres-De-Monpellier-Chateau-dAssas0_pdjQIIE.JPG"
183;"Chardonnay Rouquet's";"";"";"";"";;05/07/2018;4,30;False;;;1;125,00;3;;26;0;"uploads/produit/Chardonnay-Rouquets0_IaCuK4V.JPG"
184;"Viognier Rouquet's";"";"";"";"";;05/07/2018;4,30;False;;;0;125,00;3;;26;0;"uploads/produit/Viognier-Rouquets0_AFk551L.JPG"
185;"Mas Belles eaux blanc";"Accord :poisson ";"";"";"";;05/07/2018;9,90;False;;;0;125,00;3;;26;0;"uploads/produit/Mas-Belles-Eaux0_1jgvdNW.JPG"
186;"Rosé Château belles eaux";"Accords :tapas, plats épicés.";"";"";"";;05/07/2018;9,20;False;;;0;125,00;3;;26;0;"uploads/produit/Chateau-Belles-Eaux-0_msmtYeM.JPG"
187;"Chinon Couly dutheil  2013";"Accords: barbecue ,volailles.";"";"";"";;05/07/2018;9,70;False;;;2;125,00;3;;27;0;"uploads/produit/Chinion0_GOxDRDv.JPG"
188;"Reuilly Rose";"";"";"";"";;05/07/2018;9,10;False;;;0;125,00;3;;27;0;"uploads/produit/Reuilly-0_v3MHJOT.JPG"
189;"Quincy Tradition";"Accords:viande blanche ,poisson,apéritif";"";"";"";;05/07/2018;8,90;False;;;6;125,00;3;;27;0;"uploads/produit/Quincy0_AHahm4l.JPG"
190;"Domaines Des forges sauvignon";"";"";"";"";;05/07/2018;4,95;False;;;4;125,00;3;;27;0;"uploads/produit/Domaines-des-Forges-Sauvignon0_Y9vS2k2.JPG"
191;"Domaines Des forges chardonnay";"";"";"";"";;05/07/2018;4,95;False;;;12;125,00;3;;27;0;"uploads/produit/Domaines-des-Forges-Chardonnay0_1qWLzHV.JPG"
192;" Anjou blanc domaines des forges l'audace";"Vin blanc sec 100% chenin,
à carafer 2 h avant consommation";"";"";"";;05/07/2018;7,95;False;;;6;125,00;3;5;27;0;"uploads/produit/Domaines-des-Forges-Laudace0_lW1a0ji.JPG"
193;" Savennieres le moulin du gué du domaine des forges";"100% chenin.
vendanges manuelles.
a carafer et servir à 10-12 degrés.
merveilleux compagnon des poissons en sauce.";"";"";"";;05/07/2018;11,60;False;;;6;125,00;3;;27;0;"uploads/produit/Le-Moulin-du-gue-du-domaine-des-forges0_a9jH5cR.JPG"
194;"Anjou 3c du domaines des forges 2015";"Cépages: 60% cabernet sauvignon, 40% cabernet franc.
vendanges manuelles
notes épicées.";"";"";"";;05/07/2018;9,90;False;;;3;125,00;3;;27;0;"uploads/produit/Les-3C-du-domaines-des-Forges0_ys1pSo8.JPG"
195;"Rosé Délice d'été  cabernet d'anjou";"";"";"";"";;05/07/2018;6,70;False;;;0;125,00;3;;27;0;"uploads/produit/Delice-dete0_JBO26M2.JPG"
196;"Saumur Champigny domaine des sanzay ";"Domaine de sansay";"";"";"";;05/07/2018;8,50;False;;;6;125,00;3;;27;0;"uploads/produit/none_zediZFF.JPG"
197;"Côteaux Du layon passavant bio";"Issu de la culture biologique
cépage chenin
accords:apéritif, foie gras, fromages bleus.";"";"";"";;05/07/2018;14,50;False;;;18;125,00;3;;27;0;"uploads/produit/Chateau-de-Passavant0_kryOeDG.JPG"
198;"Saumur Champigny domaine des sanzay";"";"";"";"";;05/07/2018;8,50;False;;;2;125,00;3;;27;0;"uploads/produit/Saumur-Champigny-domaine-des-sanzay1_DM703AG.JPG"
199;" Côtes du rhône réserve grand veneur 2016";"Une véritable expression du terroir d'origine";"";"";"";;05/07/2018;8,80;False;;;18;125,00;3;;28;0;"uploads/produit/Reserve-Grand-Veneur0_vCFMkSn.JPG"
200;"Côtes Du rhône champauvins 2015";"Issu de la culture biologique
bien que classée côtes du rhône, cette cuvée est souvent comparée aux grands vins de la région.
";"";"";"";;05/07/2018;12,00;False;;;18;125,00;3;;28;0;"uploads/produit/Domaine-Grand-Veneur-Les-Champauvins0_8Vt4pRX.JPG"
201;"Lirac Roquedon 2013";"";"";"";"";;05/07/2018;12,00;False;;;6;125,00;3;;28;0;"uploads/produit/Roquedon-Lirac0_ADJ1yTa.JPG"
202;"Vacqueyras Grande garrigue 2015";"Accord: viande rouge,gibiers";"";"";"";;05/07/2018;15,20;False;;;18;125,00;3;;28;0;"uploads/produit/Grande-Garrigue0_eTGC9d0.JPG"
203;"Terrasses De montmirail gigondas";"";"";"";"";;05/07/2018;18,80;False;;;12;125,00;3;;28;0;"uploads/produit/Terrasses-de-Montmirail-Gigondas0_3dUqcoL.JPG"
204;"Domaine Grand veneur blanc de viognier";"Issu de la culture biologique
accord:poisson en sauce,apéritif";"";"";"";;05/07/2018;13,30;False;;;6;125,00;3;;28;0;"uploads/produit/Domaine-Grand-Veneur-Blanc-de-Viognier0_eE4W0zP.JPG"
205;"Rosé Cotes du rhône ";"Issu de la culture biologique";"";"";"";;05/07/2018;8,80;False;;;2;125,00;3;;28;0;"uploads/produit/none_KT6AmwL.JPG"
206;"Le Crétacé tavel";"Accords:tajine agneau,coscous,";"";"";"";;05/07/2018;12,00;False;;;6;125,00;3;;28;0;"uploads/produit/Le-cretace-Tavel0_QX6VwF0.JPG"
207;"Chateuneuf Du pape mont redon 2009";"Accords :viandes rouges, cassoulets.";"";"";"";;05/07/2018;33,00;False;;;12;125,00;3;;28;0;"uploads/produit/Chateau-Mont-Redon0_zYIgXsd.JPG"
208;"Cotes Du rhone mont redon ";"";"";"";"";;05/07/2018;10,40;False;;;0;125,00;3;;28;0;"uploads/produit/Chateau-Mont-Redon1_n74mGZg.JPG"
209;" Chateauneuf du pape 2012";"Domaine mathieu 2012
robe rubis , notes de fruits noirs et d'épices,
ouvrir 2 à 3 heures avant consommation, 
servir à 18 degrés";"";"";"";;05/07/2018;25,00;False;;;5;125,00;3;;28;0;"uploads/produit/Domaine-Mathieu-Chateauneuf-du-pape0_RIR5nWy.JPG"
210;"Crozes-Hermitage ";"";"";"";"";;05/07/2018;20,00;False;;;0;125,00;3;;28;0;"uploads/produit/Crozes-Hermitage-0_WQcunC9.JPG"
211;"Mini Madeleine citron";"";"";"";"";;05/07/2018;4,95;False;;;0;26,00;7;6;30;1;"uploads/produit/Mini-Madeleine-Citron0_ZJSHqJv.JPG"
212;"Cookie";"";"";"";"";;05/07/2018;4,95;False;;;0;22,00;7;7;30;1;"uploads/produit/Cookie0_tGPG2j9.JPG"
213;"Meringues";"";"";"";"";;05/07/2018;2,95;False;;;0;10600,00;7;7;30;1;"uploads/produit/Meringues0_PHp62bI.JPG"
214;"Croquants Pommes caramel amandes";"";"";"";"";;05/07/2018;4,95;False;;;0;11,00;7;;30;1;"uploads/produit/Croquants-Pommes-Caramel-Amandes0_vV6W5p7.JPG"
215;"Croquants Pépites de chocolat et écorces d'orange";"";"";"";"";;05/07/2018;3,95;False;;;0;12,00;7;;30;1;"uploads/produit/Croquants-Pepites-de-chocolat-et-ecorces-dorange0_Xy5gFjo.JPG"
216;"Les Croquants caramel";"";"";"";"";;05/07/2018;3,95;False;;;0;12,00;7;;30;1;"uploads/produit/Les-croquants-Caramel0_7tx3PJw.JPG"
217;"Le Craquant au caramel salé";"";"";"";"";;05/07/2018;3,95;False;;;0;12,00;7;;30;1;"uploads/produit/Le-Craquant-au-Caramel-Sale0_lgPZqQK.JPG"
218;"Noisettes Aux trois chocolats";"";"";"";"";;05/07/2018;12,00;False;;;0;22,00;7;;29;1;"uploads/produit/Noisettes-aux-trois-chocolats0_9MMH3zl.JPG"
220;"Carrés Chocolat noir";"";"";"";"";;05/07/2018;5,20;False;;;0;13,00;7;;29;1;"uploads/produit/Carres-Chocolat-Noir0_xDDBQjz.JPG"
221;"Tablette Chocolat lait";"";"";"";"";;05/07/2018;4,80;False;;;0;90,00;7;;29;1;"uploads/produit/Tablette-Chocolat-Lait0_wqcH0tD.JPG"
222;"Maxi Tablette";"";"";"";"";;05/07/2018;12,50;False;;;0;63,00;7;;29;1;"uploads/produit/Maxi-Tablette0_EFpttwj.JPG"
223;"Chocolat Au lait";"";"";"";"";;05/07/2018;6,70;False;;;0;29,00;7;8;29;1;"uploads/produit/Chocolat-au-lait0_SnFfmmi.JPG"
224;"Chocolat Noir";"";"";"";"";;05/07/2018;6,70;False;;;0;28,00;7;;29;1;"uploads/produit/Chocolat-noir0_KZ6jYDd.JPG"
225;"Palets Chocolat noir piment d'espelette";"";"";"";"";;05/07/2018;5,70;False;;;0;26,00;7;;29;1;"uploads/produit/Palets-Chocolat-Noir-Piment-despelette0_iwnNm1U.JPG"
226;"Palets Chocolat au lait piment d'espelette";"";"";"";"";;05/07/2018;5,70;False;;;0;26,00;7;;29;1;"uploads/produit/Palets-Chocolat-Blanc-Piment-despelette0_h54At1B.JPG"
227;"Palets Chocolat lait";"";"";"";"";;05/07/2018;5,50;False;;;0;26,00;7;;29;1;"uploads/produit/Palets-Chocolat-Lait0_VeCHNGu.JPG"
228;"Palets Chocolat noir ";"";"";"";"";;05/07/2018;5,50;False;;;0;26,00;7;;29;1;"uploads/produit/Palets-Chocolat-Noir-0_GIRq6No.JPG"
229;"Tablette Chocolat noir 70%";"";"";"";"";;05/07/2018;4,30;False;;;0;96,00;7;;29;1;"uploads/produit/Tablette-Chocolat-Noir-700_D7DkiB3.JPG"
230;"Tablette Chocolat noir 74%";"";"";"";"";;05/07/2018;4,30;False;;;0;88,00;7;;29;1;"uploads/produit/Tablette-Chocolat-Noir-740_g0jsakh.JPG"
231;"Confiture Framboise à la violette";"";"";"";"";;05/07/2018;3,80;False;;;0;27,00;7;;31;1;"uploads/produit/Confiture-Framboise-a-la-violette0_jQXBaCa.JPG"
232;"Confiture Fraise";"";"";"";"";;05/07/2018;5,35;False;;;0;55,00;7;;31;1;"uploads/produit/Confiture-Fraise0_tl6zjCI.JPG"
233;"Confiture Fraise au coquelicot";"";"";"";"";;05/07/2018;5,35;False;;;0;55,00;7;;31;1;"uploads/produit/Confiture-Fraise-au-Coquelicot0_iJjlbXT.JPG"
234;"Confiture Rhubarbe et cassis";"";"";"";"";;05/07/2018;3,80;False;;;0;55,00;7;;31;1;"uploads/produit/Confiture-Rhubarbe-et-Cassis0_nzIcg29.JPG"
236;"Joli Mois de mai fraise, passion, fève de tonka";"";"";"";"";;05/07/2018;3,80;False;;;0;27,00;7;;31;1;"uploads/produit/Joli-mois-de-Mai-fraise-passion-feve-de-tonka0_ZIcwm38.JPG"
237;"1,2,3 Soleil orange, citron, pomelos";"";"";"";"";;05/07/2018;3,80;False;;;0;27,00;7;;31;1;"uploads/produit/123-Soleil-Orange-Citron-Pomelos0_lR28nRF.JPG"
238;"Clémentine De corse";"";"";"";"";;05/07/2018;3,80;False;;;0;27,00;7;;31;1;"uploads/produit/Clementine-de-Corse0_2foCX9l.JPG"
239;"Automne Coing, pomme, poire, épices";"";"";"";"";;05/07/2018;3,80;False;;;0;27,00;7;;31;1;"uploads/produit/Automne-Coing-Pomme-Poire-epices0_Dj8JgQk.JPG"
240;"Cerise Noire";"";"";"";"";;05/07/2018;3,80;False;;;0;27,00;7;;31;1;"uploads/produit/Cerise-Noire0_j5nYaWS.JPG"
241;"Il Était une fois fraise, framboise, cerise, groseille";"";"";"";"";;05/07/2018;5,35;False;;;0;55,00;7;;31;1;"uploads/produit/Il-etait-une-fois-fraise-framboise-cerise-groseille0_vDZjLel.JPG"
242;"Miel De châtaignier";"";"";"";"";;05/07/2018;6,40;False;;;0;38,00;7;;32;1;"uploads/produit/Miel-de-Chataignier0_1FWd3Mg.JPG"
243;"Miel De fleurs";"";"";"";"";;05/07/2018;6,40;False;;;0;40,00;7;;32;1;"uploads/produit/Miel-de-Fleurs0_9R6hXrz.JPG"
244;"Miel De bruyères erica";"";"";"";"";;05/07/2018;7,10;False;;;0;39,00;7;;32;1;"uploads/produit/Miel-de-Bruyeres-Erica0_w2m524h.JPG"
246;"Miel De chataignier";"";"";"";"";;05/07/2018;3,55;False;;;0;22,00;7;;32;1;"uploads/produit/Miel-de-Chataignier1_3tbynmF.JPG"
247;"Miel De blé noir";"";"";"";"";;05/07/2018;4,85;False;;;0;22,00;7;;32;1;"uploads/produit/Miel-de-Ble-Noir0_PcAocpV.JPG"
248;"Tagliatelle Nature";"";"";"";"";;05/07/2018;3,50;False;;;0;22,00;6;;33;1;"uploads/produit/Tagliatelle-Nature0_BUVJVRt.JPG"
249;"Fettucine Au piment d'espelette";"";"";"";"";;05/07/2018;4,50;False;;;0;23,00;6;;33;1;"uploads/produit/Fettucine-au-piment-despelette0_DJa5NlN.JPG"
250;"Risone Nature";"";"";"";"";;05/07/2018;3,50;False;;;0;31,00;6;;33;1;"uploads/produit/Risone-nature0_KeoL6vN.JPG"
251;"Likenn Nature";"";"";"";"";;05/07/2018;3,50;False;;;0;27,00;6;;33;1;"uploads/produit/Likenn-Nature0_1NJ66qy.JPG"
252;"Rozenn Nature";"";"";"";"";;05/07/2018;3,50;False;;;0;27,00;6;;33;1;"uploads/produit/Rozenn-Nature0_Dvl5Lsu.JPG"
253;"Feltuccine Au sarrasin";"";"";"";"";;05/07/2018;4,50;False;;;0;23,00;6;;33;1;"uploads/produit/Feltuccine-au-Sarrasin0_Tbp8rBy.JPG"
254;"Feltuccine Aux cépes";"";"";"";"";;05/07/2018;4,50;False;;;0;23,00;6;;33;1;"uploads/produit/Feltuccine-aux-cepes0_9iY9smT.JPG"
255;"Feltuccine Au noir de sépia";"";"";"";"";;05/07/2018;4,50;False;;;0;23,00;6;;33;1;"uploads/produit/Feltuccine-au-noir-de-Sepia0_t7A7NE0.JPG"
256;"Likenn Aux 5 saveurs";"";"";"";"";;05/07/2018;4,50;False;;;0;26,00;6;;33;1;"uploads/produit/Likenn-aux-5-saveurs0_KjrOSp2.JPG"
257;"Rillettes De hareng fume aux tomates confites";"";"";"";"";;05/07/2018;3,75;False;;;0;21,00;6;;34;1;"uploads/produit/Rillettes-de-Hareng-Fume-aux-tomates-Confites0_OeGGnzo.JPG"
258;"Rillettes De st jacques aux algues";"";"";"";"";;05/07/2018;5,00;False;;;0;21,00;6;;34;1;"uploads/produit/Rillettes-de-St-Jacques-aux-algues0_WSeShT4.JPG"
259;"Rillettes De maquereau fume au poivre";"";"";"";"";;05/07/2018;4,50;False;;;0;20,00;6;;34;1;"uploads/produit/Rillettes-de-maquereau-fume-au-poivre0_TyM6665.JPG"
260;"Rillettes De bar sauvage a la fleur de sel";"";"";"";"";;05/07/2018;6,40;False;;;0;21,00;6;;34;1;"uploads/produit/Rillettes-de-bar-sauvage-a-la-fleur-de-sel0_W6kG2iW.JPG"
261;"Rillettes De saumon aux algues";"";"";"";"";;05/07/2018;4,20;False;;;0;21,00;6;;34;1;"uploads/produit/Rillettes-de-saumon-aux-algues0_L3IcMIO.JPG"
262;"Rillettes De sardine";"";"";"";"";;05/07/2018;3,40;False;;;0;2100,00;6;;34;1;"uploads/produit/Rillettes-de-sardine0_dZI7Hd1.JPG"
263;"Soupe De poissons";"";"";"";"";;05/07/2018;4,10;False;;;0;112,00;6;;34;1;"uploads/produit/Soupe-de-poissons0_xS83dZf.JPG"
264;"Soupe 3 poissons aux algues";"";"";"";"";;05/07/2018;3,20;False;;;0;71,00;6;;34;1;"uploads/produit/Soupe-3-poissons-aux-algues0_JV3zAjb.JPG"
265;"Bisque De langoustine aux algues";"";"";"";"";;05/07/2018;3,40;False;;;0;70,00;6;;34;1;"uploads/produit/Bisque-de-langoustine-aux-algues0_Ow2JkWx.JPG"
266;"Salicornes En marinade";"";"";"";"";;05/07/2018;4,70;False;;;0;31,00;6;;34;1;"uploads/produit/Salicornes-en-marinade0_efItaTu.JPG"
267;"Saveurs D'artichaut du léon";"";"";"";"";;05/07/2018;4,55;False;;;0;21,00;6;;34;1;"uploads/produit/Saveurs-dartichaut-du-leon0_BwuR8Ix.JPG"
268;"Saveurs de chou-Fleur a l'andouille";"";"";"";"";;05/07/2018;3,35;False;;;0;21,00;6;;34;1;"uploads/produit/Saveurs-de-chou-fleur-a-landouille0_rDN45O3.JPG"
269;"Saveurs De petit pois";"";"";"";"";;05/07/2018;3,35;False;;;0;20,00;6;;34;1;"uploads/produit/Saveurs-de-petit-pois0_t3moXKl.JPG"
270;"Saveurs De potimarron du léon";"";"";"";"";;05/07/2018;3,35;False;;;0;21,00;6;;34;1;"uploads/produit/Saveurs-de-potimarron-du-Leon0_Sedc2km.JPG"
271;"Saveurs De tomates confites";"";"";"";"";;05/07/2018;3,85;False;;;0;21,00;6;;34;1;"uploads/produit/Saveurs-de-tomates-confites0_rV4n2qb.JPG"
272;"Rillettes De st jacques au lard";"";"";"";"";;05/07/2018;3,40;False;;;0;21,00;6;;34;1;"uploads/produit/Rillettes-de-St-Jacques-au-Lard0_ISK5Ge6.JPG"
273;"Tartare D'algues";"";"";"";"";;05/07/2018;3,50;False;;;0;21,00;6;;34;1;"uploads/produit/Tartare-dAlgues0_TX5dIES.JPG"
274;"Rillettes De lotte aux agrumes";"";"";"";"";;05/07/2018;5,50;False;;;0;29,00;6;;34;1;"uploads/produit/Rillettes-de-Lotte-aux-Agrumes0_4RRr2gW.JPG"
277;"Rillettes De maquereaux façon boucane";"";"";"";"";;05/07/2018;0,00;False;;;0;0,00;6;;34;1;"uploads/produit/Rillettes-de-Maquereaux-facon-Boucane0_VBU9S1D.JPG"
278;"Rillettes De sardines aux tomates confites";"";"";"";"";;05/07/2018;3,40;False;;;0;21,00;6;;34;1;"uploads/produit/Rillettes-de-sardines-aux-tomates-confites0_WCwKhHz.JPG"
279;"Cuisses De canard confites";"";"";"";"";;05/07/2018;9,50;False;;;0;123,00;6;;35;1;"uploads/produit/Cuisses-de-canard-Confites0_9574hwh.JPG"
280;"Cassoulet Au confit de canard";"";"";"";"";;05/07/2018;6,20;False;;;0;82,00;6;;35;1;"uploads/produit/Cassoulet-au-confit-de-canard0_tUCYTLX.JPG"
281;"Foie Gras de canard entier à la fleur de sel";"";"";"";"";;05/07/2018;18,50;False;;;0;51,00;6;;35;1;"uploads/produit/Foie-gras-de-canard-entier-a-la-fleur-de-sel0_8vu06cw.JPG"
282;"Bloc De foie gras de canard";"";"";"";"";;05/07/2018;9,50;False;;;0;24,00;6;;35;1;"uploads/produit/Bloc-de-foie-gras-de-canard0_VL7ldBe.JPG"
283;"Délice De canard ";"";"";"";"";;05/07/2018;3,95;False;;;0;27,00;6;;35;1;"uploads/produit/Delice-de-canard-0_Br4OuC8.JPG"
284;"Terrine D'oie aux fruits rouges";"";"";"";"";;05/07/2018;4,40;False;;;0;34,00;6;;35;1;"uploads/produit/Terrine-doie-aux-fruits-rouges0_pysmgwc.JPG"
285;"Terrine De pintade aux girolles";"";"";"";"";;05/07/2018;5,55;False;;;0;34,00;17;;50;1;"uploads/produit/Terrine-de-pintade-aux-girolles0_IWgke7I.JPG"
286;"Rillettes De canard au foie gras";"";"";"";"";;05/07/2018;5,90;False;;;0;34,00;6;;35;1;"uploads/produit/Rillettes-de-canard-au-foie-gras0_KrTUyQa.JPG"
287;"Rillettes D'oie";"";"";"";"";;05/07/2018;5,75;False;;;0;34,00;6;;35;1;"uploads/produit/Rillettes-doie0_mBqgKMM.JPG"
288;"Paté À l'andouille";"";"";"";"";;05/07/2018;3,95;False;;;0;22,00;6;;35;1;"uploads/produit/Pate-a-landouille0_OrgYCSw.JPG"
289;"Rillettes De porcs";"";"";"";"";;05/07/2018;4,90;False;;;0;35,00;6;;35;1;"uploads/produit/Rillettes-de-porcs0_b2VLokD.JPG"
290;"Rillettes Au wakamé";"";"";"";"";;05/07/2018;3,95;False;;;0;22,00;6;;35;1;"uploads/produit/Rillettes-au-wakame0_sUUZkjy.JPG"
291;"Rillettes Au cidre";"";"";"";"";;05/07/2018;3,95;False;;;0;22,00;6;;35;1;"uploads/produit/Rillettes-au-cidre0_9lScIYU.JPG"
293;"Rillettes Pur autruche au piment d'espellette";"";"";"";"";;05/07/2018;5,00;False;;;0;21,00;6;;35;1;"uploads/produit/Rillettes-pur-autruche0_fwNYWLc.JPG"
294;"Rillettes Pur autruche aux algues";"";"";"";"";;05/07/2018;5,00;False;;;0;21,00;6;;35;1;"uploads/produit/Rillettes-pur-autruche-aux-algues0_LQUBss8.JPG"
295;"Rillettes Pur autruche au pommeau de bretagne";"";"";"";"";;05/07/2018;5,00;False;;;0;21,00;6;;35;1;"uploads/produit/Rillettes-pur-autruche-au-pommeau-de-Bretagne0_3C4W0oK.JPG"
296;"Rillettes De canard au magret fumé";"";"";"";"";;05/07/2018;4,25;False;;;0;34,00;6;;35;1;"uploads/produit/Rillettes-de-canard-au-magret-fume0_Gk4wiAu.JPG"
298;"Crémant De loire";"";"";"";"";;05/07/2018;8,80;False;;;6;125,00;2;;19;0;"uploads/produit/Cremant-de-Loire0_mrWvvQn.JPG"
299;"Whisky Flatnose écossais";"Bouche :céréales,épicé ";"";"";"";;05/07/2018;33,00;False;;;1;144,00;1;;18;0;"uploads/produit/WHISKY-FLATNOSE0_wIBTUqD.JPG"
300;"Rhum Naga";"";"";"";"";;05/07/2018;39,00;False;;;0;144,00;17;;50;0;"uploads/produit/rhum-Naga0_tTBGKzG.JPG"
301;"Clairette De die";"";"";"";"";;05/07/2018;8,00;False;;;6;150,00;2;;19;0;"uploads/produit/Clairette-De-die0_MVz6ilE.JPG"
302;"Fuji-Sanroku japonais";"Whisky japonais 50 degres
fuji-sanroku est une exclusivité japonaise lancée en mars 2016. cette spécificité lui apporte des aromes de fruits cuits.";"";"";"";;05/07/2018;43,00;False;;;6;145,00;1;;18;0;"uploads/produit/Fuji-Sanroku-japonais0_vz2SnsN.JPG"
303;"Rhum Naga indonesie";"En bouche:souple ,douce,épicée.";"";"";"";;05/07/2018;39,00;False;;;2;145,00;1;;13;0;"uploads/produit/Rhum-Naga-indonesie0_1uHyYg7.JPG"
304;"Domaine Rety 2015 l'insolente roussillon 3 étoiles guide hachette 2018";"Le domaine rety vient de recevoir 3 étoiles dans le nouveau guide hachette des vins 2018.le vin rouge primé est le cote du roussillon l'insolente millésimé
2015 qui a reçu une note de 5 sur 5 soit 
3 étoiles vin exceptionnel .
accords:viande blanche,viande rouge.


";"";"";"";;05/07/2018;13,90;False;;;12;144,00;3;;48;0;"uploads/produit/Domaine-Rety-2015-linsolente-Roussillon-3-etoiles-guide-hachette-20180_YRRPNNN.JPG"
305;"Reuilly Blanc";"Accords:apéritif,poisson ,crottin de chevre";"";"";"";;05/07/2018;9,10;False;;;48;144,00;3;;27;0;"uploads/produit/Reuilly-Blanc0_3X9PrKS.JPG"
306;" Pauillac tour pibran 6 bouteilles 75cl dont 2 gratuites";"";"";"";"";;05/07/2018;114,00;False;;;5;870,00;3;;20;0;"uploads/produit/none_hjhhDzt.JPG"
307;"Rhum Coloma 8 ans";"Rhum coloma 8 ans est un rhum de colombie élaboré à partir de jus de canne à sucres deux variétés différentes.
possédant des aromes vanillés et légèrement orangé, on le compare au don papa.";"";"";"";;05/07/2018;38,00;False;;;2;144,00;1;;13;0;"uploads/produit/Rhum-Coloma-8-Ans0_nqr6cIR.JPG"
308;"Bunnahabhain Toiteach";"Son nom, qui signifie fumé en gaélique,évoque la tourbe, bien présente qui n'écrase en rien le caractère fruité de
la distillerie bunnahabhain et l'enrobé d'une touche chocolatée.";"";"";"";;05/07/2018;56,00;False;;;2;144,00;1;;18;0;"uploads/produit/Bunnahabhain-Toiteach0_VBYGxEz.JPG"
309;"Flatnose Blended malt";"Le tout nouveau flatnose blended malt est assemblé à partir de 100%de scotch single malt en provenance de chaque région de production,avec un accent sur
ceux provenant de l'ile d'islay,ainsi la tourbe est présente de manière douce
mais persistante et équilibré par des saveurs délicates d""e miel et citron confit.
";"";"";"";;05/07/2018;43,00;False;;;2;144,00;1;;18;0;"uploads/produit/Flatnose-Blended-Malt0_GtdC42h.JPG"
310;"Rhum Centenario 20 ans";"Bouche:des notes de fruits murs,de pommes,et de cerise.";"";"";"";;05/07/2018;60,00;False;;;2;144,00;1;;13;0;"uploads/produit/RHUM-CENTENARIO-20-ANS0_jOVHTdu.JPG"
312;"Magnum Domaine rety 2016 souffle d'or";"Cépages:grenache,mourvèdre,syrah.
accords mets et vin :viande rouge ,filet de boeuf.";"";"";"";;05/07/2018;49,80;False;;;3;370,00;3;;48;0;"uploads/produit/Magnum-Domaine-RETY-2016-Souffle-DOr0_ifjmvWX.JPG"
313;"6 Bouteilles 75cl graves haut selve dont 2 offertes";"";"";"";"";;05/07/2018;84,00;False;;;4;950,00;3;;20;0;"uploads/produit/6-bouteilles-75cl-Graves-Haut-Selve-dont-2-offertes0_qFGgV9B.JPG"
314;"6 Bouteilles 75cl chinien bergeron savoie dont 2 offertes";"";"";"";"";;05/07/2018;96,00;False;;;4;960,00;3;;6;0;"uploads/produit/6-bouteilles-75cl-Chinien-Bergeron-dont-2-offertes0_ttdeROV.JPG"
315;"6 Bouteilles 75cl fourcas hostein(listrac médoc) dont 2 offertes";"";"";"";"";;05/07/2018;126,00;False;;;3;800,00;3;;20;0;"uploads/produit/6-bouteilles-75cl-Fourcas-HosteinListrac-Medoc-dont-2-offertes0_zttjHoS.JPG"
316;"6 Bouteilles 75cl corbières haut gléon dont 2 offertes";"";"";"";"";;05/07/2018;84,00;False;;;2;860,00;3;;26;0;"uploads/produit/6-bouteilles-75cl-Corbieres-Haut-Gleon-dont-2-offertes0_pBTY8Bz.JPG"
317;"Ventoux ";"Accords: viande rouge,plat épicé.";"";"";"";;05/07/2018;7,70;False;;;18;160,00;3;;28;0;"uploads/produit/VENTOUX-0_Etxum2w.JPG"
318;"Lirac rouge chateau mont-Redon";"Accords:cote de boeuf ,cassoulet.";"";"";"";;05/07/2018;17,80;False;;;2;160,00;3;;28;0;"uploads/produit/Lirac-rouge-Chateau-Mont-Redon0_yKrUwdH.JPG"
319;"Chateauneuf du pape blanc mont-Redon";"Accords:poisson,viande blanche,chapon,apéritif.";"";"";"";;05/07/2018;31,60;False;;;5;160,00;3;;28;0;"uploads/produit/Chateauneuf-du-Pape-Blanc-Mont-Redon0_FfJqOk1.JPG"
320;"Syrah 100% jean luc colombo";"Accords:viande rouge.";"";"";"";;05/07/2018;11,00;False;;;0;160,00;3;;28;0;"uploads/produit/Syrah-100-Jean-Luc-Colombo0_mWQdgVx.JPG"
321;"Cornas Jean luc colombo";"Accords:viande rouge,magret de canard.";"";"";"";;05/07/2018;48,00;False;;;5;160,00;3;;28;0;"uploads/produit/Cornas-Jean-Luc-Colombo0_GGDBxuW.JPG"
322;"Cote rotie jean-Luc colombo";"Accords:viande rouge.";"";"";"";;05/07/2018;55,00;False;;;4;160,00;3;;28;0;"uploads/produit/Cote-Rotie-Jean-Luc-Colombo0_afDNOWr.JPG"
323;"Chateau La mijane";"Accords:gibier,viande rouge,fromage bleu.";"";"";"";;05/07/2018;9,00;False;;;10;160,00;3;;28;0;"uploads/produit/Chateau-La-Mijane0_yqcb3sl.JPG"
325;"Saint-Emilion grand cru classé 2015";"";"";"";"";;05/07/2018;47,60;False;;;6;160,00;3;;20;0;"uploads/produit/SAINT-Emilion-Grand-Cru-Classe-20150_jVEmM2W.JPG"
326;"Pomerol Chateau la croix";"";"";"";"";;05/07/2018;39,50;False;;;6;160,00;3;;20;0;"uploads/produit/Pomerol-Chateau-La-Croix0_F4GHFzG.JPG"
327;"Moulis Chateau mauvesin barton";"";"";"";"";;05/07/2018;23,00;False;;;6;160,00;3;;20;0;"uploads/produit/Moulis-Chateau-Mauvesin-Barton0_DMUa4NF.JPG"
328;"Saint-Véran chateau de beauregard";"Accords:poisson grillée,apéritif,poisson,
crustacés.";"";"";"";;05/07/2018;19,00;False;;;12;160,00;3;;24;0;"uploads/produit/Saint-Veran-Chateau-de-Beauregard0_P2hbEI6.JPG"
329;"Viré-Clessé joseph burrier";"Accords:apéritif,poisson.";"";"";"";;05/07/2018;20,00;False;;;6;160,00;3;;24;0;"uploads/produit/Vire-Clesse-Joseph-Burrier0_nROtQJW.JPG"
330;"Chinon Rouge bernard baudry";"Accords:bar,lotte,viande en sauce.";"";"";"";;05/07/2018;13,40;False;;;0;160,00;3;;27;0;"uploads/produit/Chinon-rouge-Bernard-Baudry0_Nad5ZEO.JPG"
331;"Chinon Blanc bernard baudry";"Accords:poisson ,apéritif.";"";"";"";;05/07/2018;15,00;False;;;6;160,00;3;;27;0;"uploads/produit/Chinon-Blanc-Bernard-Baudry0_Mp2ImFA.JPG"
332;"Fixin Rouge";"Accord:gigot d'agneau.";"";"";"";;05/07/2018;26,80;False;;;4;160,00;3;;24;0;"uploads/produit/FIXIN-ROUGE0_TzmkDjZ.JPG"
333;"Roussanne Blanc";"Accords:apéritif,poisson;viande blanche.";"";"";"";;05/07/2018;7,50;False;;;6;160,00;3;;50;0;"uploads/produit/Roussanne-blanc0_DffF7v8.JPG"
335;"Minervois Rouge le clos du pech laurié";"Accords:tajines,viandes d'agneau,canard. ";"";"";"";;05/07/2018;16,90;False;;;6;160,00;3;;49;0;"uploads/produit/Minervois-rouge-Le-Clos-du-Pech-Laurie0_4lWwS69.JPG"
336;"Minervois Rouge domaine des maels";"Accords:grillades,cassoulet,fromages.";"";"";"";;05/07/2018;8,50;False;;;0;160,00;3;;49;0;"uploads/produit/Minervois-rouge-Domaine-des-Maels0_TvjsGgq.JPG"
337;"Domaine Rety souffle d'or";"Accords:viande rouge.";"";"";"";;05/07/2018;16,90;False;;;6;160,00;3;;48;0;"uploads/produit/Domaine-Rety-Souffle-Dor0_8mxEV3e.JPG"
338;"Legacy Roussillon blanc";"Accords:huitres,apéritif.";"";"";"";;05/07/2018;13,80;False;;;2;160,00;3;;48;0;"uploads/produit/Legacy-Roussillon-blanc0_B7U2Vbj.JPG"
339;"Champagne Jacquesson";"";"";"";"";;05/07/2018;45,00;False;;;6;170,00;2;9;23;0;"uploads/produit/Champagne-Jacquesson0_bAv77SC.JPG"
340;"Writers Tears";"Des notes épicés.";"";"";"";;05/07/2018;41,00;False;;;2;160,00;1;10;18;0;"uploads/produit/WRITERS-TEARS0_4TrQztg.JPG"
341;"Coloma 15 ans";"Vieilli pendant 15 ans dans des futs de chene américains,puis 6mois en futs de chene de café.";"";"";"";;05/07/2018;54,00;False;;;1;160,00;1;;18;0;"uploads/produit/none_5rJ1Ubw.JPG"
342;"Diplomatico Collection ";"";"";"";"";;05/07/2018;59,00;False;;;2;160,00;1;;13;0;"uploads/produit/Diplomatico-collection-0_tiOaqDL.JPG"
